{
    "model_type": "FourFactors",
    "algorithm": "NaiveBayes",
    "baseline": {
        "accuracy": 0.6811128404669261,
        "f1": 0.7388887833419575,
        "recall": 0.7848428807909973,
        "precision": 0.6996750505079455,
        "auroc": 0.7305165934395531
    },
    "enhanced": {
        "accuracy": 0.8008638132295721,
        "f1": 0.8251123036350276,
        "recall": 0.8204181342555931,
        "precision": 0.8328488166002819,
        "auroc": 0.8846699445264233
    }
}