{
    "model_type": "FourFactors",
    "algorithm": "KNN",
    "baseline": {
        "accuracy": 0.6112996108949416,
        "f1": 0.6675825788559971,
        "recall": 0.6792218490636894,
        "precision": 0.6580276664775199,
        "auroc": 0.6280329443692465
    },
    "enhanced": {
        "accuracy": 0.7884747081712062,
        "f1": 0.8189476253728476,
        "recall": 0.8324743079229489,
        "precision": 0.80696427719142,
        "auroc": 0.844070241774071
    }
}